x1,x2,y
-2.3647386884452772,-1.8495345687816425,0
-2.3126972382097524,-1.0476298238180701,0
-1.5961430164087906,-1.2200159581733994,0
-1.7394262143124868,-1.5501021806225332,0
-2.454145314550675,-2.26307039688772,0
1.1805665575973983,2.1893897323369638,1
-2.3132649840403476,-1.9888723330173594,0
-1.5042348533988434,-1.8099715120151418,0
-1.6455687503922136,-2.014709834052461,0
-1.3604706213965132,-2.0542326261382304,0
1.890127278339447,0.8386076443690663,1
1.8741597681344138,2.0844862786193623,1
-2.0367703355545763,-3.084725708360836,0
1.7673915917202854,0.5065334672494097,1
1.2485926866559758,2.528764018019903,1
1.6208565008971383,2.072856115393986,1
-1.9050204153285464,-3.3540841947979954,0
-2.763931742813466,-2.526742152541974,0
2.9235627181536175,2.0550022462358015,1
-1.3110459701398036,-1.1164344714474668,0
1.5660024011569813,1.061088455130073,1
2.010877019571353,1.5116566780909655,1
-1.9038238559218401,-1.870292307865199,0
0.5705083213728894,1.7842967961722074,1
1.9680269527280847,2.470647355650504,1
-1.25714286272165,-1.7904453921307233,0
2.3520986584009167,1.9929442664940347,1
2.2188980744034774,1.3624802359109929,1
1.3918308002858168,2.4003902501031935,1
-2.299994246084166,-1.5436497113934948,0
-2.0725447854434735,-2.365875025315116,0
2.4302612201870217,1.433908923957827,1
3.046224395412975,2.4392920019336337,1
-2.4330573492185397,-1.5970417033531987,0
1.9037503332532182,1.9120432485534515,1
1.2337886791108987,1.4087891759337676,1
2.8697862313663567,2.2403617969330516,1
-2.7612604759027075,-1.7167519370820519,0
-1.4176389672881213,-1.6598605319462922,0
2.2897627237802567,1.851873877528755,1
2.015666477808042,1.5301874982288863,1
-1.4066974332212143,-2.553192827618624,0
-1.3089632193102483,-1.8088377518985275,0
-2.573839452106211,-2.0643201229574952,0
2.871697803580762,0.9333735357170508,1
-1.7305833336231744,-1.6476021606282543,0
-2.6620400315739503,-1.5751221226705387,0
2.314024482695377,1.0655406817297384,1
-1.9647720171219207,-2.2104881558557428,0
3.1025504221413964,1.5570392538096496,1
-2.292064342243377,-1.3486211952039149,0
2.529391548604319,1.2320469199007693,1
-2.4985835012508497,-2.307328167221594,0
2.8957029528837084,2.2334570954709068,1
2.753008644480414,1.1032238499996618,1
2.4954051983987036,2.03618139905972,1
-3.1903814136357918,-1.3132901269986,0
-1.4071608088236058,-1.8026088437255612,0
3.2202933228917336,1.6605360125849202,1
-0.9384101178384487,-1.7589896917094565,0
1.6749947011751654,1.432072036066962,1
-2.089689623315243,-1.9030257045319807,0
-2.3799103205623338,-2.3822365224706696,0
2.3270278565614095,1.6641870078875,1
-2.4868014933738585,-2.0297027580180287,0
1.8924237773885961,1.8137614897887213,1
2.6119015167090867,1.86483979921392,1
1.9891769334293583,1.236616191085664,1
-2.937060249593728,-1.628824544833047,0
2.3059277448780224,1.7840402747708934,1
2.3202921735202446,2.6466682791194267,1
-2.2451648462550176,-1.4666201389622286,0
-1.8739764052521903,-2.218331926309297,0
-1.0777403997834751,-2.980875237893068,0
2.638174498607665,1.262116658074894,1
-2.1602807465650957,-1.6020838784252938,0
1.5538978035424693,2.30223878911954,1
-3.40529475686768,-3.3056790927866904,0
2.464616079811578,2.5617321095239207,1
-1.152829224479584,-0.6704503830356339,0
-2.596090897404327,-2.029342686010724,0
2.620139923960467,1.8009562034339353,1
1.5136329607693324,2.4530490091221107,1
2.682608235673801,1.66020652608853,1
-1.523611665245098,-1.99769954783174,0
2.591037499481552,1.896301069484608,1
-1.6045038658758455,-0.1546963553424301,0
2.2464439074121842,1.3425720050542163,1
-1.8720844182404304,-1.6538114179117802,0
1.98845399295202,1.4624743028811664,1
-2.4121882453012318,-3.1059918125615105,0
-1.3039009370383787,-2.3009366440900907,0
-1.8067284159735124,-2.259708049238839,0
2.22386328761714,2.197003668129923,1
2.228953823272863,1.698282983688151,1
2.990383869088358,2.2062655134705844,1
1.8546496426469674,2.8055038235857728,1
1.7094814871979547,1.4578216759209863,1
-2.5040126998855343,-1.0977056655299235,0
1.2292353186028167,1.7098536399601951,1
2.325662241176917,2.452016917822389,1
-1.9488244318761587,-1.889565282363828,0
-2.4949886756658883,-0.9418279852132106,0
1.5803964229328646,0.9335505309249913,1
-2.4270958111831336,-2.4848388510026123,0
-3.1225378638596184,-1.4043935296459122,0
-2.0715575080315967,-1.5094468893646036,0
2.7923209834234166,2.4538366514806134,1
1.9609641359692707,1.9910058343137704,1
-2.0957009811415057,-1.957560720900139,0
-2.585158844497488,-2.2104226182317857,0
1.599604374814833,0.9161820303402332,1
-1.7932870332486948,-2.235743308182099,0
2.7724380041431402,1.6230171359052075,1
1.2334022679026537,2.4408386940385247,1
2.434484245906834,2.5747054968389462,1
2.7793909152480705,2.0276813894298664,1
-2.2419972897077725,-1.7568678450199466,0
-2.2104496024693714,-0.816434075930353,0
1.9141636023344613,0.7899193137690421,1
-1.6289431958408886,-1.8405199711141873,0
1.4704044452061782,3.2021555598973643,1
-1.5741426050459184,-0.825624588910173,0
-1.561384749914608,-1.5603976364145453,0
-1.1353386892690795,-1.8535802387803761,0
-1.2439886520931775,-1.903403174338224,0
2.7313397598352824,1.782361928520555,1
0.9875720692935448,1.1190836287533201,1
-2.1784766782932223,-2.5530928676443096,0
-2.5820319825788007,-1.7057310299943134,0
1.5064584168042163,1.755239042472382,1
2.0238417827305955,1.5122877827759,1
-2.1014089062840116,-1.0063781544447763,0
2.456495475840582,1.8132993641327362,1
-2.6824126619118225,-1.9467561655173866,0
-2.561774781421881,-1.7849988404477464,0
2.7615740068718533,1.5393104117801064,1
-1.7547981426645822,-1.1029506136055884,0
2.5650192633770166,1.778413958306926,1
-2.0109710770269507,-3.573225692871074,0
-1.2884691716572243,-2.0738927016210877,0
-1.4834137848548785,-1.2170404108460393,0
1.6383358512190185,1.6479147155763145,1
1.9946966776313018,0.9981519529709181,1
1.5251639974097906,2.099399485631455,1
1.5554055904042194,2.893413039601529,1
2.478813387163015,1.2229005398833737,1
-2.3696315163324693,-2.7896957615669042,0
-3.5514105012689674,-1.8892662368884232,0
2.2361597860082,2.0011253365277635,1
2.395169846785551,1.4337810313420762,1
2.022478464988448,0.8615212579108682,1
-2.882682036140304,-2.5707730601207173,0
1.20725713164388,2.3510670073732007,1
1.60046550876283,2.5782048993733273,1
-2.194412190513175,-1.373916504871344,0
1.9132325942744914,2.448633866600307,1
-2.092127016400987,-2.3902333765230632,0
1.2383850922638304,0.6375050314764843,1
2.3872969586522035,1.568558382304376,1
-3.034883692329017,-1.2036968838874842,0
-1.5117249307761347,-2.2483452719190824,0
2.9502068952346256,0.5620720019640624,1
-1.2588081271141047,-1.4190855855362559,0
2.0800393634932415,0.7389220742038449,1
2.31466649805104,2.4712023738976914,1
-1.6275243620660795,-2.1646925428969372,0
1.9251679208133416,1.3922404877954504,1
-2.0341813333435885,-1.7632686520584884,0
-1.816319522103729,-2.0363400265154747,0
-1.703352328602103,-2.4485507949349063,0
2.5520843337425503,1.5554935066568756,1
1.9241719685715986,1.8168933146673594,1
2.2582078532399317,2.16702019868016,1
-1.851636311262836,-2.010218708704874,0
-1.9834330123881105,-1.9104036838398346,0
2.430781970696073,1.5011416629646832,1
-1.9969936148840108,-2.154561225409129,0
-1.83230116508573,-1.9719630578750589,0
1.6064925268404948,1.8559122929217553,1
1.2515627644585523,1.1975469619569092,1
-2.14661360418569,-1.2289605770677392,0
-2.9051466029973674,-1.4817141448703717,0
1.6806573798956264,2.029228353103911,1
2.1982906479296793,1.2301771211301948,1
-2.235873969387021,-1.4377203364177404,0
2.0642364570929286,2.8373617721618163,1
-1.688863750971473,-1.2915841510373172,0
-1.545504429121368,-1.546024069954103,0
0.8708091287807169,1.9015731505319182,1
2.005894728231298,1.936080093312603,1
2.004065521578654,1.3945331580622535,1
1.266364287804465,1.7664834478092841,1
-1.5967918484369705,-0.9192168869680668,0
-2.2289782432100633,-1.0765432640319086,0
2.028399016522468,1.9185220714536955,1
-1.9870595163802465,-1.6444484528639642,0
-2.077314562214353,-1.8083624905141484,0
-1.7114594605607603,-1.98794609851443,0
-1.8700807370538541,-2.3562851308196864,0
